userid,sex,id,nickname,role,password,hashpw
0,0,leteatgo1,abc1,0,qwer1,$2b$12$LfduDvQI9iWFZyhc2FXo8OMdGxAtY2O4wE1rjFax7vA7cV1GM1DGu
1,0,leteatgo2,abc2,0,qwer2,$2b$12$rSFjX1S4m786ETBHauz3j.oxTkvYq8RzvcegCHjtaojKrOX1s.i06
2,1,leteatgo3,abc3,0,qwer3,$2b$12$FF/YRbz7.7hjuPCzYHZ8/.5HDD0NA8/xi5y2/ikO.GEAO7Drczq..
3,0,leteatgo4,abc4,0,qwer4,$2b$12$qnw99Y2v70FUvtNtPzn2JeevK8Kt3jUQzBG0nwHo9IjvOAp8Nez/a
4,0,leteatgo5,abc5,0,qwer5,$2b$12$XUqooXLNW6aHxZzL8HtMh.kKAU7kv3N5fOI8PCVfmO/X3mBRmBxda
5,1,leteatgo6,abc6,0,qwer6,$2b$12$C917zhV23jD/6s.fXVPFc.7A666GJ3sHBoVkxbMqEZWWoHFaDVqy.
6,1,leteatgo7,abc7,0,qwer7,$2b$12$9hPAyXwEK2o2pP64tDfpoup8T3t9TyY6cTp3cx56cfl4iIh9StSMa
7,0,leteatgo8,abc8,0,qwer8,$2b$12$MBshEFi8Z7efPzTHvUVcB.r0ET93UmaaD4vSpFZG8ooNE7qMIKpyK
8,1,leteatgo9,abc9,0,qwer9,$2b$12$7XXMG1c2BaGmxSy5ET1xPuc6l0fKKoZUMbUHtr0WpU4T2A.sARuHG
9,0,leteatgo10,abc10,0,qwer10,$2b$12$BbRSKmIchvUNhjbcDjvHC.aU23o2TtmTKHE8QbMIXWBDZtU0qy/3.
10,1,leteatgo11,abc11,0,qwer11,$2b$12$U7nQwhmL81CTAWwRB/gc4.149U7BNfkBzi7Nak093NHOM5eIFSNkS
11,0,leteatgo12,abc12,0,qwer12,$2b$12$4Jn1H10lF0MUi1gK.gNWu.Uno.tf8yp6Min33hCXu3aVbETRm5PdW
12,0,leteatgo13,abc13,0,qwer13,$2b$12$IQw2lfCq1ojFJHnZh2jX9OTFcNxlQj6hjfMXAPamkfeEolt9QIGda
13,0,leteatgo14,abc14,0,qwer14,$2b$12$WR9l1n3BWUtbT1u1PoE.kuKbuPjfhSo.FrUJIWYVZ2gtzSziX75kq
14,0,leteatgo15,abc15,0,qwer15,$2b$12$NuKv1ich.i..lrJcisNoQOtdHy5l36BAdn8Gx24yCmjJbNIsb4TmG
15,1,leteatgo16,abc16,0,qwer16,$2b$12$ssRzO2bCn3hq4hlO4nNfTONI6eNEHyoUpVZtGCln4aABFPyHg.VuS
16,0,leteatgo17,abc17,0,qwer17,$2b$12$QZ9B/k0ptHSBBQ2XF57H.uzM/VFAXl2zzcSM34AnUkEJhcStRhoWO
17,0,leteatgo18,abc18,0,qwer18,$2b$12$FQifQuPT/MTDTy88TmNgauCh3LZcWLCY7wPxD3e2FtuIpjv8d8ZOy
18,1,leteatgo19,abc19,0,qwer19,$2b$12$FaxOCAOHUjrwcDdKF0oxveddOjRaLIuoQR.0bsnGVkdaIdddElmYy
19,0,leteatgo20,abc20,0,qwer20,$2b$12$Ax18p0S/sKlEX2/22ISJHOTHAqOtWZvpPDLQyYC5iEwUQUVDXK3i.
20,1,leteatgo21,abc21,0,qwer21,$2b$12$1Vq95OniDyXeOX7BRL47JOGUlWWqIcje.J.ywuBQfmWpu5ijfsqaC
21,1,leteatgo22,abc22,0,qwer22,$2b$12$XyunDQuKHzfEbGWb17TWUOfKSq/yLx5r5t3a1uBgJyOZos0NZx4oi
22,0,leteatgo23,abc23,0,qwer23,$2b$12$fIU3FkXS2RWKL32e.DtQ7eK4irnJ7IIIUT5OL6BphRGuNEANuJuKG
23,0,leteatgo24,abc24,0,qwer24,$2b$12$cZ2g5Lh/BFCrvQeacvUx2uppUeRIJJ9KPEsaHmlISflCRf8HCnPdG
24,1,leteatgo25,abc25,0,qwer25,$2b$12$ABrfkyUtKjRrJnq9KZIebuMDw00wd.9bkQeBJygjn5.Qs9hPqCwkW
25,0,leteatgo26,abc26,0,qwer26,$2b$12$9RVZLPqG.W6tOWlDIQxy2uKYWVjPa9DR0wXOubcPOpnyTi9KwIThS
26,1,leteatgo27,abc27,0,qwer27,$2b$12$ueMRPXmsYxr5z5AMxTsEwuFiKy7Ap/BHxn68ybLo9mnFRzDz8gOI.
27,1,leteatgo28,abc28,0,qwer28,$2b$12$wIvq05DdQrxM0jV2ev3NBu1h27IRGqgVnRhsX8JwSQGgvs5D/q8Xu
28,1,leteatgo29,abc29,0,qwer29,$2b$12$ly3Q6mMgQie/G3chxOJfueirUL2xV/VzCgd11x95n.QfPh2dndFS2
29,0,leteatgo30,abc30,0,qwer30,$2b$12$XTdU8SzvK9te7XzdvZZ6.OTqqWWi.silURani66akLG3wQMdyfVqi
30,0,leteatgo31,abc31,0,qwer31,$2b$12$WYDl51vdROJD5Jd6b0j5E.XsCrVbJuUk.xA39AJxaQ25p1iAZKFT2
31,0,leteatgo32,abc32,0,qwer32,$2b$12$5HfhOO1XNgprBQMnyoV/Ged2VypHK7Qe.vHzvEwPemjXUcVLbvOz.
32,1,leteatgo33,abc33,0,qwer33,$2b$12$LlmLDPU0Yv.ts7ZQ6b0gvOO9YICgE2n6a3KWnmU7VwXpnWagyAZGy
33,1,leteatgo34,abc34,0,qwer34,$2b$12$P6jGhKQNKIDQXu4xghmiy.1d/AoFa0m.9nV2skav8HPFIygdw4lDO
34,1,leteatgo35,abc35,0,qwer35,$2b$12$9662DFHek1QvSPocKCkE8OJw8jIImthkI6A9hXwabmwZ9M7kQRw.K
35,1,leteatgo36,abc36,0,qwer36,$2b$12$gpcO0sboN2LNir1jNL571uYqmVG7UDa4nFxuJpDWoFniGcuK7lqbC
36,0,leteatgo37,abc37,0,qwer37,$2b$12$HPRTP1Aocw/xB2m3MdJknO3kn2DvW2WShhCEtrbfE23JtL5wumbeu
37,1,leteatgo38,abc38,0,qwer38,$2b$12$PC7Eo1sHDl7qWtENzy0LbuuNUigJ1whtB5kicIkG0.p6OcyxqYjfe
38,1,leteatgo39,abc39,0,qwer39,$2b$12$q3RpZJhEBfmYZ9ZMslDCsurrGSThsBH3wQpDgrVtwxr2JwCAwmY.G
39,1,leteatgo40,abc40,0,qwer40,$2b$12$jX18uqusY6DBg0J0wrSqlOzGTsy425X1R6uF7.Z4YF69Tb17.FPCC
40,0,leteatgo41,abc41,0,qwer41,$2b$12$hUuyu7cxjLMD13hMiIfrL.9v2z.rcFif0AKoMYwDinzpRy2npEIPq
41,1,leteatgo42,abc42,0,qwer42,$2b$12$gQ4Y0nZ/KK1pRZ7.UueCCOg9ovoymLhJPYqU3QZt0.sCzO1lqloLu
42,1,leteatgo43,abc43,0,qwer43,$2b$12$8Kd.hWCTRyD6KV2C1jUvqOSI9922B6VDOpyuC0dxGtdhzN3cyAxzK
43,0,leteatgo44,abc44,0,qwer44,$2b$12$7JpTvpuLWtsxrfnT1UMsvuwwA.O3gUdcTWRj9W1U7QwtoRrF2RZHi
44,1,leteatgo45,abc45,0,qwer45,$2b$12$xao.jnedREGvLP2UDMvJwOU23v9I9Hv3Q6LagtAK4jXDPYZJkTKMq
45,1,leteatgo46,abc46,0,qwer46,$2b$12$uiOgPVQhF7WrpTfwSTgpJ.0QSsrZvGOYNlhhnyhpw30IEuk.mZdfi
46,0,leteatgo47,abc47,0,qwer47,$2b$12$nNsksVpBd.yHC/j8EpuZSOzDbLZQehaperiAWbfKWmIqICoWB2Z6W
47,1,leteatgo48,abc48,0,qwer48,$2b$12$2Q4Jv522YlKo4/tnllXfmeMdwTT/lk.Coj7h9rUETlAgacBmywnD.
48,1,leteatgo49,abc49,0,qwer49,$2b$12$Kb7T4/EA5aJuHv7BuJ62betSASwWaW6IxbleDBFeq.My7gw14jjRG
49,0,leteatgo50,abc50,0,qwer50,$2b$12$uXlHnwANNDWDba9FKcZl.OmjJSF9GTPMSG0Kj6yzHEHsXDbn5dmlK
50,0,leteatgo51,abc51,0,qwer51,$2b$12$oYOhfQq50YGr9iUB7.gTf.25NgUJc4CxEkvLhEjyClNmDVbQC1zH6
51,1,leteatgo52,abc52,0,qwer52,$2b$12$VaeDNYYICuMnH/USGpaAR.bNQZsqH8H/WrB.q3zIhiJ1cTWuYnmh.
52,1,leteatgo53,abc53,0,qwer53,$2b$12$p6U16ivDioF944rq5qXoZuDSrjLl5WEqJByMuZJcbLjgOkdEndgBm
53,0,leteatgo54,abc54,0,qwer54,$2b$12$VSuEs2xsuvIBunsEGk5H2OuHlNKKZNgQuDU6o/gSgh6wOQUoKgLGO
54,0,leteatgo55,abc55,0,qwer55,$2b$12$N7MNFyEf2svy7P5U3CWEFOjiFQqY7DAQBSykG5EiYjDsKeg/vOHIO
55,1,leteatgo56,abc56,0,qwer56,$2b$12$UCnvBW6nKM4mr0zjZx.qZuSBDKmeSbjqyBaC.zCOLSif/eauxR81W
56,0,leteatgo57,abc57,0,qwer57,$2b$12$J4P3u9rNiUVqY3C8hO7q/ezil8BrR5riQ3m2.QfLBLJZAHiPcslg6
57,0,leteatgo58,abc58,0,qwer58,$2b$12$X1hgDNYZEvoHKtqCk482weq4bciNhf.2iUnlmgRFpZXsDeOaKzc5u
58,0,leteatgo59,abc59,0,qwer59,$2b$12$b16CMV3A6kPd7kSIjv6xuemmZw0NMw5PMTFiag.v55pfGyUlbxGDu
59,0,leteatgo60,abc60,0,qwer60,$2b$12$Tgz8A7Vt6I7JGoqTO/u9AOqOomcvljJrffECvtvrirvs0xQ.vfNV6
60,0,leteatgo61,abc61,0,qwer61,$2b$12$.hiozEZHocEiLzq77YRT7OQzxCigR6ihq1kMq7N0.jrxyJvVvs4RO
61,1,leteatgo62,abc62,0,qwer62,$2b$12$XjoR6pDUj9.VnbWbALal6.I4i3/qd/mNuGT5UBFj4u4nfxYLbHcbC
62,1,leteatgo63,abc63,0,qwer63,$2b$12$NVRRrG.7vZMRSKDhaAhGOejxTAJMWQ/MGws4krwKIHbrUmUFwxCoq
63,1,leteatgo64,abc64,0,qwer64,$2b$12$HI1r9btdzjnhncvceSQ7fOx8jE1XUOdvCDsYR9ySX0J7H.WmwWGDG
64,1,leteatgo65,abc65,0,qwer65,$2b$12$4adtgJUgDQD1r.sxO.LNL.I91kSoRMK7nZv3tWJFa5AFWNdzJ9KjS
65,0,leteatgo66,abc66,0,qwer66,$2b$12$K1iZOAf2rD6bAORIpgqje.mxroq5QdqCZy8v5lBrRXG5kMeFF9AYC
66,1,leteatgo67,abc67,0,qwer67,$2b$12$OWpXZoOC/Dl6T6xxBRhF6eESU35kGFwtQZdHoupVbolB0UZQxxlK6
67,0,leteatgo68,abc68,0,qwer68,$2b$12$04x8Lm1UitwmTynyWoqvCeZ6aT5yOK4J6Ibs0zm/1R4jxM8y19UcG
68,1,leteatgo69,abc69,0,qwer69,$2b$12$8z79TXIoSHKUyyjCFqjQ7eJkObl2VQXr/djHoQ0ixR.Va91Gkx/1C
69,0,leteatgo70,abc70,0,qwer70,$2b$12$xj9S3jAuIuPyBUbkc1TQ6ecvmZ/w4EiQ48JuGG5Bdbsudu5L4Q2ci
70,1,leteatgo71,abc71,0,qwer71,$2b$12$soiqjfad16zD7kQs.P7xm.Ws5kkoJIvEPRKL1EpZEeQgWAZqEwpfG
71,0,leteatgo72,abc72,0,qwer72,$2b$12$mMKTMoAtniqVZJNXRQL8wuJAEJ.nJ7RNudddt1Zkncsw5P/Q6aAay
72,1,leteatgo73,abc73,0,qwer73,$2b$12$N6G/8R6h6vwV3dxemcFhYeaf06VUCsR20cj5Lqv5rMBjVyJV7hk0u
73,0,leteatgo74,abc74,0,qwer74,$2b$12$winw8yFXzE0zkIZvYRhfrenzz6RwSaYxniW6kH6N0jvmkQAP8S8Rq
74,0,leteatgo75,abc75,0,qwer75,$2b$12$YW95gkxFJZUw/ctHdRBKI.jNkXHUYj.mgCfK1mpr74kFN4MfmghG.
75,1,leteatgo76,abc76,0,qwer76,$2b$12$9gqEvCRKjheOFaafuoX4jORr0F5s0wfolndmGwukZ12EyUJ0v16ka
76,1,leteatgo77,abc77,0,qwer77,$2b$12$SciprQW86Tni6tJMzi0aB.P4zt8mGW3rvhAeOWBk7OSj3tu5bDx2u
77,1,leteatgo78,abc78,0,qwer78,$2b$12$pqF.9dort3tQzqR1wDdR6uYJ0DrcSMtlgFk0xah5ixY8Eb3kCRmLi
78,0,leteatgo79,abc79,0,qwer79,$2b$12$zTvQ6di9Hm/HOFw09Z8m0ulmtM39l2uCljAuWLLb2Ya9yczAcKu5G
79,0,leteatgo80,abc80,0,qwer80,$2b$12$N7HbVaWXuWjnd.akDYO.NOg.Rp1d2qQL75W6kEo8QDQlNboWb5/lm
80,1,leteatgo81,abc81,0,qwer81,$2b$12$cQ/86Ofn4vKfFBiDP3J03.8sxrwx0fleia/VCPbEIPkE0J86XwBde
81,1,leteatgo82,abc82,0,qwer82,$2b$12$OD0qrtyD.xzU8oh/jXLnDujviWTU4sOiIgMhykdnUCs0Avc/Ime1y
82,0,leteatgo83,abc83,0,qwer83,$2b$12$3E56ilSdIVoJIwJ2DhabluFzSAAHzlMjugExTmdFuyUeSmgUQdWOi
83,1,leteatgo84,abc84,0,qwer84,$2b$12$LFGWRaVeyl8w4NB7pkW9J./Xeyo7K7doEddhBghIQJmnzKilCc58O
84,1,leteatgo85,abc85,0,qwer85,$2b$12$Hh6JzGhkkbYfNUbdVVnS3.iYySQhIiEtYxF1sybCm3W2YP.lNyBP6
85,1,leteatgo86,abc86,0,qwer86,$2b$12$KgeVW0ib3Tlt9fZvsWaCeOjjHp6fdywkN4FU.ULZseJ2f63PBdw4m
86,1,leteatgo87,abc87,0,qwer87,$2b$12$3Ecoo3JXhRlcMJ0.RAcGhOdcQt2h1yBg7d6yWsqLE2AhxQY9C6v9i
87,1,leteatgo88,abc88,0,qwer88,$2b$12$mCzBk8LcPaIH9HAIt9kiguRU/0HD8FihC4KybDF1Qc3TA2vR87mkK
88,0,leteatgo89,abc89,0,qwer89,$2b$12$JocmJb8qjOj9ZXvha0TlPeSbC8xnnVfXMQhWJlta984cjV7KuCH8O
89,0,leteatgo90,abc90,0,qwer90,$2b$12$fnB8XzEW2nyDwbj.2k5YYOfxrWobkm.TTvdNGIozyjIl7KG0pw/u.
90,1,leteatgo91,abc91,0,qwer91,$2b$12$6cJBDLaRLlcKCso4FAp7OOikLoCTzLxoX.m4Y.HtRf7ZSCipN8QPS
91,1,leteatgo92,abc92,0,qwer92,$2b$12$1uxAvoNPFQiwkR2KS19AqOf0xQd97tRAkMZI4CjgTGA2C57Kq8bnS
92,0,leteatgo93,abc93,0,qwer93,$2b$12$O.OpPnTlpcsF3XAnmmoKHeyxH9bGwj7b4Qpa2fzD0aDvTHP34p8cO
93,1,leteatgo94,abc94,0,qwer94,$2b$12$rQhXdNqnRm//DahB0xA9PepiKUMidjZkDvURu3LubG6/dDgrWIktm
94,0,leteatgo95,abc95,0,qwer95,$2b$12$lAvZ20OZPZOxIG1iTyksbO.y2BseVbwBOa7GhYiKFzErI4je8rgYK